@CastresOlympiq,
Mach Brice,@MachBrice
Yannick Forestier,@yaforest11
Christophe Samson,@samsonchristop2
Rodrigo Capo Ortega,@capo_ortega
Antonie Claasen,@AntonieClaassen
Ibrahim Diarra,@diarra0837
Rory Kockott,@Rory_Kockott
Thierry Lacrampe,@LacrampeThierry
Daniel Kirkpatrick,@DanKirkpatrick_
Remi Tales,@remitalo
Max Evans,@maxevans13
Remi Lamerat,@Remilamerat
Marcel Garvey,@marceljgarvey
Paul Bonnefond,@bonnefondpaul
Pierre Gilles Lakafia,@PGLakafia
Romain Martial,@romartial
Brice Dulin,@BriceDulin
