,@ASMOfficiel
Lee Byrne,@byrney_15
Damien Chouly,@DamienChouly
Jamie Cudmore,@JNCudmore
Vincent Debaty,@debatyvincent
Thomas Domingo,@domingotom
Wesley Fofana,@wesleyfofana
Nathan Hines,@Wagga5
Benjamin Kayser,@BenjaminKayser
Daniel Kotze,@Danielktz
Julien Malzieu,@JulienMalzieu
Julien Pierre,@JulienPierre4
Clement Ric,@rico15140
