,@bathrugby
Dave Attwood,@Dmjattwood
Ryan Caldwell,@Ry_caldwell
Dominic Day,@DomDay5
Carl Fearns,@CarlFearns
Stuart Hooper,@StuHooper
Paul James,@Paul_James1
Francois Louw,@FloLouw
Lee Mears,@Mearsy02
Guy Mercer,@GuyMercer
Kane Palma-Newpor,@kanokano123
Rob Webber,@robwebber2
Nick Abendanon,@nick_abendanon
Horacio Agulla,@horacitoagulla
Matt Banahan,@mattbanahan1
Chris Cook,@Chris09cook
Kyle Eastmond,@kyle_eastmond7
Tom Heathcote,@TomHeathcote10
Mark McMillan,@macca9
Sam Vesty,@samuelvesty
Ben Williams,@benwilliams0
Olly Woodburn,@OllyWoodburn
Ollie Devoto,@OllieDevoto
