,@MelbourneRebels
Paul Alo-Emile,@PaulAloEmile
Kurtley Beale,@kurtley_beale
Tim Davidson,@tjfdavidson
Gareth Delve,@gdelve
Scott Higginbotham,@ScottyHiggers
Luke Jones,@luke_jones91
James King,@Rebeljamesking
Richard Kingi,@RichardKingi
James O'Connor,@JamesOConnor832
Cadeyrn Neville,@Cadeyrn
Nick Phipps,@Fanga9
Hugh Pyle,@hughwpyle
Alexander Rokobaro,@AlexRokobaro
Jarrod Saffy,@jsaffy
Rory Sidey,@RorySidey
Chris Thomson,@christhomson85
Cooper Vuna,@CVUNA
Laurie Weeks,@L_Weeks
