,@TheSharksZA
Jacques Botes,@JacquesBotes6
Anton Bresler,@Ants00
Marcel Coetzee,@marcell_coetzee
Keegan Daniel,@KeeganDaniel
Bismarck du Plessis,@BismarckDuP
Pieter-Steph du Toit,@PieterSteph
Monde Hadebe,@MondeHadebe2
Ryan Kankowski,@Kankowski
Jandre Marais,@jandre45
Steven Sykes,@Steven4Sykes
Conrad Hoffmann,@conradhoffmann
Paul Jordaan,@PaulJordaan12
Louis Ludik,@louisludik
Lwazi Mvovo,@lwazimvovo
Odawa Ndungane,@OdwaNdungane14
JP Pietersen,@jppietersen14
Cobus Reinach,@c_reinach
Sibusiso Sithole,@sburasithole
Riaan Viljoen,@riaanviljoen_15
Tim Whitehead,@Timmy_Whitehead
Wiehahn Herbst,@WiehahnHerbst
